[
  {
    "id": 1,
    "name": "Pepperoni",
    "price": "₹299",
    "image": "Assets/pepp.jpg"
  },
  {
    "id": 2,
    "name": "Farmhouse",
    "price": "₹399",
    "image": "Assets/farmhouse.jpg"
  },
  {
    "id": 3,
    "name": "Margerita",
    "price": "₹449",
    "image": "Assets/marga.jpg"
  },
  {
    "id": 4,
    "name": "Paneer Tikka",
    "price": "₹379",
    "image": "Assets/tikka.jpg"
  },
  {
    "id": 5,
    "name": "Veg Supreme",
    "price": "₹429",
    "image": "Assets/veggie.jpg"
  },
  {
    "id": 6,
    "name": "Barbeque",
    "price": "₹499",
    "image": "Assets/barbeque.jpg"
  },

  {
    "id": 7,
    "name": "Diet Coke",
    "price": "₹50",
    "image": "Assets/diet2.jpg"
  },
  {
    "id": 8,
    "name": "Normal Coke",
    "price": "₹45",
    "image": "Assets/coke2.jpg"
  },
  {
    "id": 9,
    "name": "Pina Colada",
    "price": "₹120",
    "image": "Assets/pina4.jpg"
  }
]
